Id;Country;StartDate;EndDate;Type;Name;Subdivisions;
cb9cbc2c-423f-4b65-9f72-f1803e38bac2;MY;2024-01-01;;Public;EN New Year's Day;KUL,LBN,PJY,MLK,NSN,PHG,PRK,PNG,SGR,TRG,SBH;
acd30e9d-07bd-4523-ab0b-dc40588c816f;MY;2024-01-14;;Public;EN YDPB Negeri Sembilan's Birthday;NSN;
61f1026e-e4f7-4f90-a557-62f9f6dce37e;MY;2024-01-25;;Public;EN Thaipusam Day;KUL,PJY,JHR,NSN,PRK,PNG,SBH;
a47a8046-63d3-4cb2-a682-079196eff20f;MY;2024-02-01;;Public;EN Federal Territory Day;KUL,LBN,PJY;
30231891-512b-4d89-999e-5d209c401c86;MY;2024-02-08;;Public;EN Israk and Mikraj;KDH,NSN,PLS,SWK;
5e70bc3c-78ac-4b74-a884-cc10675741aa;MY;2024-02-10;;Public;EN Chinese New Year;;
7e582252-987b-4d3f-8e60-1f3da66266b3;MY;2024-02-11;;Public;EN Chinese New Year (Second Day);;
1bda2599-f01e-4f6c-9b88-26a5222adf61;MY;2024-02-20;;Public;EN Independence Declaration Day;MLK;
34bef501-707f-4849-b8c1-11ea2b73ac56;MY;2024-03-04;;Public;EN Installation of Sultan Terengganu;TRG;
ca943e0a-2a96-4659-b8de-71c23900ddda;MY;2024-03-12;;Public;EN Awal Ramadan;JHR,KDH,MLK;
1e3802b9-bbd4-4ffe-93b4-7f127adcbcde;MY;2024-03-23;;Public;EN Sultan of Johor's Birthday;JHR;
6d1f4721-c58a-4cc4-be2a-93fbfdf5026e;MY;2024-03-28;;Public;EN Nuzul Al-Quran Day;KUL,LBN,PJY,KTN,PHG,PRK,PLS,PNG,SBH,SWK;
114af467-12a6-46c7-bccc-eabe184a24c5;MY;2024-03-29;;Public;EN Good Friday;SBH,SWK;
18d02703-d375-430a-a0c4-75245d9c00d8;MY;2024-04-10;;Public;EN Hari Raya Puasa;;
82812994-80ab-4405-9602-55dcc8192f14;MY;2024-04-11;;Public;EN Hari Raya Puasa (Second Day);;
710b2aaf-8f0d-427d-998b-4a083a19ce8e;MY;2024-04-26;;Public;EN Sultan of Terengganu's Birthday;TRG;
361dda1d-56f3-459e-b9b0-0d764fbde379;MY;2024-05-01;;Public;EN Labour Day;;
467970a3-abc3-4416-9c24-6cc4c34eeb1d;MY;2024-05-17;;Public;EN Raja Perlis' Birthday;PLS;
8a6e7f9d-7b1b-465e-8a8e-b2e3ab3b2402;MY;2024-05-22;;Public;EN Hari Hol Pahang;PHG;
6c3e1533-2474-4b48-ad66-6746346644e7;MY;2024-05-22;;Public;EN Wesak Day;;
632f9aef-4ec1-426f-bfda-df573ad87315;MY;2024-05-30;;Public;EN Harvest Festival;LBN,SBH;
829f0fef-deac-4c7b-90fd-50bb76d41400;MY;2024-05-31;;Public;EN Harvest Festival (Second Day);LBN,SBH;
15d2730a-34cd-40e7-9b2a-76fc5c1891c5;MY;2024-06-01;;Public;EN Hari Gawai;SWK;
bc597d2e-b350-48a6-91b4-fb31bbacd8a3;MY;2024-06-02;;Public;EN Hari Gawai (Second Day);SWK;
37e01b3f-c371-4a52-858e-65155714331a;MY;2024-06-03;;Public;EN Agong's Birthday;;
763a5ba6-bbaa-41ac-b7a9-770c88c10ead;MY;2024-06-16;;Public;EN Arafah Day;KTN,TRG;
f18457b9-d0e5-452a-90b9-e6ab2da741b1;MY;2024-06-17;;Public;EN Hari Raya Qurban;;
4093e3d6-ada2-4bfc-bbcb-6f203486659c;MY;2024-06-18;;Public;EN Hari Raya Qurban (Second Day);KDH,KTN,PLS,SWK,TRG;
0eb26d91-5ea2-48e5-b65d-22e0cb284e42;MY;2024-06-30;;Public;EN Sultan of Kedah's Birthday;KDH;
1eee2015-02e4-45d9-9580-63667831b1e5;MY;2024-07-07;;Public;EN Awal Muharam;;
978c42e9-4976-4373-96ae-f1cf77909209;MY;2024-07-07;;Public;EN Georgetown World Heritage City Day;PNG;
098971cb-b90f-46ff-9870-14820ccbf346;MY;2024-07-13;;Public;EN Penang Governor's Birthday;PNG;
f62a1cca-6d57-4799-a816-2c910f38dd25;MY;2024-07-22;;Public;EN Sarawak Day;SWK;
9675ac73-e96b-4e9f-93fe-640cf438ca15;MY;2024-07-30;;Public;EN Sultan of Pahang's Birthday;PHG;
a60e7ae3-760b-4858-a89b-6f69333c24eb;MY;2024-08-11;;Public;EN Hari Hol Almarhum Sultan Iskandar;JHR;
a5961de4-84b0-4d39-b844-95beba6fceff;MY;2024-08-24;;Public;EN Melaka Governor's Birthday;MLK;
85f3b894-6d67-4ffa-b929-b130182481ef;MY;2024-08-26;;Public;EN Melaka Governor's Birthday (Additional Day);MLK;
d3c5a076-b0cc-4231-a46b-bc94f09ee26c;MY;2024-08-31;;Public;EN Merdeka Day;;
c00767c9-046b-4701-9125-42e13a457b76;MY;2024-09-16;;Public;EN Malaysia Day;;
bd995713-1067-40a5-9ee2-f1edf11be7ff;MY;2024-09-16;;Public;EN Prophet Muhammad's Birthday;;
cf498681-2e75-426e-9581-e446ca2a2a22;MY;2024-09-29;;Public;EN Sultan of Kelantan's Birthday;KTN;
20bee63e-b781-456e-ab7b-abc35c5c323a;MY;2024-09-30;;Public;EN Sultan of Kelantan's Birthday (Second Day);KTN;
8107f65a-f32e-4f31-81b9-01581bf8a01b;MY;2024-10-05;;Public;EN Sabah Governor's Birthday;SBH;
23825ce4-25ad-498d-909f-82b1180d24f1;MY;2024-10-12;;Public;EN Sarawak Governor's Birthday;SWK;
fa500e16-ad01-403b-a6b7-5842c551cbc0;MY;2024-10-31;;Public;EN Deepavali;KUL,LBN,PJY,JHR,KDH,KTN,MLK,NSN,PHG,PRK,PLS,PNG,SGR,SBH,SWK;
7c42534e-ebd9-4c6c-8206-63fbb2a82b11;MY;2024-11-01;;Public;EN Sultan of Perak's Birthday;PRK;
c0cf7c85-d66e-4a67-b41d-f38c3531cdc2;MY;2024-12-11;;Public;EN Sultan of Selangor's Birthday;SGR;
22290aa9-bfcb-460f-866b-ce5c5e15914b;MY;2024-12-24;;Public;EN Christmas Eve;SGR;
983bc1c4-79c3-4a10-ab4d-e4b8730a4b97;MY;2024-12-25;;Public;EN Christmas Day;;
582b706f-8424-4ad5-a154-f6ca16146c9a;MY;2025-01-01;;Public;EN Tahun Baharu;KUL,LBN,PJY,MLK,NSN,PHG,PRK,PNG,SBH,SWK,SGR;
3ceae0c8-e0b4-4b97-81c0-2d7d8aef2b9b;MY;2025-01-14;;Public;EN Hari Keputeraan Yang di-Pertuan Besar Negeri Sembilan;NSN;
45b543b9-1851-4de1-9f23-3bff90910505;MY;2025-01-27;;Public;EN Israk dan Mikraj;KDH,NSN,PLS,TRG;
38a77d5d-5d04-4062-9468-e682ceaf532b;MY;2025-01-29;;Public;EN Tahun Baharu Cina;KUL,LBN,PJY,JHR,KDH,KTN,MLK,NSN,PHG,PRK,PLS,PNG,SBH,SWK,SGR,TRG;
b76250fe-1cae-4bc5-8c08-e1b112a92d8b;MY;2025-01-30;;Public;EN Tahun Baharu Cina (Hari Kedua);KUL,LBN,PJY,JHR,KDH,KTN,MLK,NSN,PHG,PRK,PLS,PNG,SBH,SWK,SGR,TRG;
e5b26d6b-458c-4987-be93-c65e2384e108;MY;2025-02-01;;Public;EN Hari Wilayah Persekutuan;KUL,LBN,PJY;
3f4402e6-8cfc-4694-bef4-0bb3de782d6d;MY;2025-02-11;;Public;EN Hari Thaipusam;KUL,PJY,JHR,NSN,PRK,PNG,SGR;
90f3f82a-1af6-4588-988f-d51163de2651;MY;2025-02-20;;Public;EN Hari Pengisytiharan Tarikh Kemerdekaan;MLK;
8c649734-02be-4770-bc6b-b8df47ee3f54;MY;2025-03-02;;Public;EN Awal Ramadan;JHR,KDH;
010e9d3a-fca8-4898-9041-710a3e327c56;MY;2025-03-04;;Public;EN Hari Ulang Tahun Pertabalan Sultan Terengganu;TRG;
fe16b749-3b13-44d0-a9bb-63924e96e03c;MY;2025-03-18;;Public;EN Hari Nuzul Al-Quran;KUL,LBN,PJY,KTN,PHG,PRK,PLS,PNG,SGR,TRG;
821afbba-6b42-447a-8739-d56745e3b52e;MY;2025-03-23;;Public;EN Hari Keputeraan Sultan Johor;JHR;
35eaae8b-b998-4219-a924-aea61f7df355;MY;2025-03-31;;Public;EN Hari Raya Puasa;KUL,LBN,PJY,JHR,KDH,KTN,MLK,NSN,PHG,PRK,PLS,PNG,SBH,SWK,SGR,TRG;
07da3429-1c26-4345-9728-239d45ec3e65;MY;2025-04-01;;Public;EN Hari Raya Puasa (Hari Kedua);KUL,LBN,PJY,JHR,KDH,KTN,MLK,NSN,PHG,PRK,PLS,PNG,SBH,SWK,SGR,TRG;
92fb4f37-9dc4-4a15-8d28-503891df92ed;MY;2025-04-02;;Public;EN Hari Raya Puasa (Hari Ketiga);MLK;
3ee0badb-b5f0-4d13-b775-a0ade13e5576;MY;2025-04-18;;Public;EN Good Friday;SBH,SWK;
9b5dbbde-34d6-4af9-b7fd-45b9d8bb7b88;MY;2025-04-26;;Public;EN Hari Keputeraan Sultan Terengganu;TRG;
feef5450-d03c-4414-b004-6a6fbe9b2460;MY;2025-05-01;;Public;EN Hari Pekerja;KUL,LBN,PJY,JHR,KDH,KTN,MLK,NSN,PHG,PRK,PLS,PNG,SBH,SWK,SGR,TRG;
688c1c06-8eff-4ffc-a4f9-add353891c3b;MY;2025-05-12;;Public;EN Hari Wesak;KUL,LBN,PJY,JHR,KDH,KTN,MLK,NSN,PHG,PRK,PLS,PNG,SBH,SWK,SGR,TRG;
9bdfc81a-0dd3-44f2-a615-c9899ebc6fd4;MY;2025-05-17;;Public;EN Hari Ulang Tahun Keputeraan Raja Perlis;PLS;
e8282eae-967c-4c1f-8ee3-e2d0b74bbb66;MY;2025-05-22;;Public;EN Hari Hol Almarhum Sultan Ahmad Shah AL-Musta'in Billah Ibni Almarhum Sultan Abu Bakar;PHG;
5624a660-6344-4d6f-8bc3-21b54ae0db8e;MY;2025-05-30;;Public;EN Pesta Kaamatan (Pesta Menuai);LBN,SBH;
cf328996-8691-4b6d-926b-bb5de705055e;MY;2025-05-31;;Public;EN Pesta Kaamatan (Pesta Menuai);LBN,SBH;
4a9d17fb-f6c8-444c-9264-7b3f2628e2c8;MY;2025-06-01;;Public;EN Perayaan Hari Gawai Dayak;SWK;
053c5ba1-da75-4311-9599-b22cff2b0e8b;MY;2025-06-02;;Public;EN Hari Keputeraan Rasmi Seri Paduka Baginda Yang di-Pertuan Agong;KUL,LBN,PJY,JHR,KDH,KTN,MLK,NSN,PHG,PRK,PLS,PNG,SBH,SWK,SGR,TRG;
fdde1516-2499-458b-8d61-451a0c1c4004;MY;2025-06-02;;Public;EN Perayaan Hari Gawai Dayak;SWK;
ed03ae77-a746-4a9a-aa7d-4f83f112daf1;MY;2025-06-06;;Public;EN Hari Arafah;KTN,TRG;
f5df4fe2-b215-44b5-9913-21fbc92427c9;MY;2025-06-07;;Public;EN Hari Raya Qurban;KUL,LBN,PJY,JHR,KDH,KTN,MLK,NSN,PHG,PRK,PLS,PNG,SBH,SWK,SGR,TRG;
df38c44e-c5e3-4673-81b7-1e1e3d49d5c6;MY;2025-06-08;;Public;EN Hari Raya Qurban (Hari Kedua);KDH,KTN,PLS,TRG;
2639ac2e-b7aa-468d-927e-3b05261a2fc0;MY;2025-06-22;;Public;EN Hari Keputeraan Sultan Kedah;KDH;
95eec934-e79b-4a9a-9278-11c49112aa4a;MY;2025-06-27;;Public;EN Awal Muharram (Maal Hijrah);KUL,LBN,PJY,JHR,KDH,KTN,MLK,NSN,PHG,PRK,PLS,PNG,SBH,SWK,SGR,TRG;
57e3620d-9e57-4f0e-be71-194944304cb4;MY;2025-07-07;;Public;EN Hari Ulang Tahun Perisytiharan Tapak Warisan Dunia;PNG;
008b8ab7-bf92-4299-8624-75b92d53eef3;MY;2025-07-12;;Public;EN Hari Jadi Yang di-Pertua Negeri Pulau Pinang;PNG;
e35fa845-629f-4c0d-9506-3ea6ce590a13;MY;2025-07-22;;Public;EN Hari Kemerdekaan Sarawak;SWK;
af7c2390-e028-4817-be4e-6add6dfed43e;MY;2025-07-30;;Public;EN Hari Keputeraan Sultan Pahang;PHG;
a8ebf562-f3bc-4938-9bb4-bf56a9502c50;MY;2025-07-31;;Public;EN Hari Hol Almarhum Sultan Iskandar;JHR;
58e940e9-f158-4e18-8365-541035dfef59;MY;2025-08-24;;Public;EN Hari Jadi Yang di-Pertua Negeri Melaka;MLK;
91aff7b0-7359-4c92-b8ef-27a59b8eb650;MY;2025-08-31;;Public;EN Hari Kebangsaan;KUL,LBN,PJY,JHR,KDH,KTN,MLK,NSN,PHG,PRK,PLS,PNG,SBH,SWK,SGR,TRG;
707645b6-1cbc-4beb-9e83-b00e5c6ce783;MY;2025-09-05;;Public;EN Hari Keputeraan Nabi Muhammad S.A.W. (Maulidur Rasul);KUL,LBN,PJY,JHR,KDH,KTN,MLK,NSN,PHG,PRK,PLS,PNG,SBH,SWK,SGR,TRG;
c49fecf1-f5f6-45b4-8131-124b6c1b4304;MY;2025-09-16;;Public;EN Hari Malaysia;KUL,LBN,PJY,JHR,KDH,KTN,MLK,NSN,PHG,PRK,PLS,PNG,SBH,SWK,SGR,TRG;
86c02322-c6de-4d57-9153-b0ff3ed980b6;MY;2025-09-29;;Public;EN Hari Keputeraan Sultan Kelantan;KTN;
4279697c-f13d-4513-90e2-dfa4bf9fc6a6;MY;2025-09-30;;Public;EN Hari Keputeraan Sultan Kelantan;KTN;
d7a2bf61-5a3f-4d9b-b2e9-8f02b5fb6341;MY;2025-10-04;;Public;EN Hari Jadi Yang di-Pertua Negeri Sabah;SBH;
38cd9048-ba64-4b69-a6be-d543b5120e4a;MY;2025-10-11;;Public;EN Hari Jadi Yang di-Pertua Negeri Sarawak;SWK;
6d35cae8-5474-4215-857f-40b2268cef3d;MY;2025-10-20;;Public;EN Hari Deepavali;KUL,LBN,PJY,JHR,KDH,KTN,MLK,NSN,PHG,PRK,PLS,PNG,SBH,SGR,TRG;
5f9f1e71-a326-4243-804e-0c18325f485a;MY;2025-11-07;;Public;EN Hari Keputeraan Sultan Perak;PRK;
6d6fe877-e8dd-4529-a824-2090bf2c7db0;MY;2025-12-11;;Public;EN Hari Keputeraan Sultan Selangor;SGR;
76f35476-c418-4574-9403-148907c9a101;MY;2025-12-24;;Public;EN Christmas Eve;SBH;
7be9c63f-e438-492a-a1e8-b9d96a9d51ec;MY;2025-12-25;;Public;EN Hari Krismas;KUL,LBN,PJY,JHR,KDH,KTN,MLK,NSN,PHG,PRK,PLS,PNG,SBH,SWK,SGR,TRG;
